id	title	description	availability	link	image_link	additional_image_link	price	brand	condition	color	identifier_exists	item_group_id	product_type	google_product_category	custom_label_0	custom_label_1
IPHONE-17-PRO-MAX-256-GB-COSMICORANGE-NEW	Apple iPhone 17 Pro Max 256 GB Nuevo Cosmic Orange	Descubre el Apple iPhone 17 Pro Max de 256 GB en color Cosmic Orange. Equipo Nuevo cuidadosamente inspeccionado para garantizar rendimiento y calidad. Incluye hasta 14 meses de garantía, envío gratis (sujeto a términos y condiciones) con entrega estimada de 2 a 3 días hábiles y asesoría personalizada por WhatsApp. Disponible en Urban Tech Colombia.	in_stock	https://urbantechcol.com/#iphone-17-pro-max-cosmic-orange	https://urbantechcol.com/assets/images/products/iphone-17-pro/cosmic-orange.webp	https://urbantechcol.com/assets/images/products/iphone-17-pro/cosmic-orange-2.webp,https://urbantechcol.com/assets/images/products/iphone-17-pro/cosmic-orange-3.webp,https://urbantechcol.com/assets/images/products/iphone-17-pro/cosmic-orange-4.webp	4480000 COP	Apple	new	Cosmic Orange	no	iphone-17-pro-max-256-gb	Celulares > Apple > iPhone > Pro Max	Electronics > Communications > Telephony > Mobile Phones	Nuevo	256GB
IPHONE-17-PRO-MAX-256-GB-DEEPBLUE-NEW	Apple iPhone 17 Pro Max 256 GB Nuevo Deep Blue	Descubre el Apple iPhone 17 Pro Max de 256 GB en color Deep Blue. Equipo Nuevo cuidadosamente inspeccionado para garantizar rendimiento y calidad. Incluye hasta 14 meses de garantía, envío gratis (sujeto a términos y condiciones) con entrega estimada de 2 a 3 días hábiles y asesoría personalizada por WhatsApp. Disponible en Urban Tech Colombia.	in_stock	https://urbantechcol.com/#iphone-17-pro-max-deep-blue	https://urbantechcol.com/assets/images/products/iphone-17-pro/deep-blue.webp	https://urbantechcol.com/assets/images/products/iphone-17-pro/deep-blue-2.webp,https://urbantechcol.com/assets/images/products/iphone-17-pro/deep-blue-3.webp,https://urbantechcol.com/assets/images/products/iphone-17-pro/deep-blue-4.webp	4480000 COP	Apple	new	Deep Blue	no	iphone-17-pro-max-256-gb	Celulares > Apple > iPhone > Pro Max	Electronics > Communications > Telephony > Mobile Phones	Nuevo	256GB
IPHONE-17-PRO-MAX-256-GB-SILVER-NEW	Apple iPhone 17 Pro Max 256 GB Nuevo Silver	Descubre el Apple iPhone 17 Pro Max de 256 GB en color Silver. Equipo Nuevo cuidadosamente inspeccionado para garantizar rendimiento y calidad. Incluye hasta 14 meses de garantía, envío gratis (sujeto a términos y condiciones) con entrega estimada de 2 a 3 días hábiles y asesoría personalizada por WhatsApp. Disponible en Urban Tech Colombia.	in_stock	https://urbantechcol.com/#iphone-17-pro-max-silver	https://urbantechcol.com/assets/images/products/iphone-17-pro/silver.webp	https://urbantechcol.com/assets/images/products/iphone-17-pro/silver-2.webp,https://urbantechcol.com/assets/images/products/iphone-17-pro/silver-3.webp,https://urbantechcol.com/assets/images/products/iphone-17-pro/silver-4.webp	4500000 COP	Apple	new	Silver	no	iphone-17-pro-max-256-gb	Celulares > Apple > iPhone > Pro Max	Electronics > Communications > Telephony > Mobile Phones	Nuevo	256GB
IPHONE-17-PRO-256-GB-COSMICORANGE-NEW	Apple iPhone 17 Pro 256 GB Nuevo Cosmic Orange	Descubre el Apple iPhone 17 Pro de 256 GB en color Cosmic Orange. Equipo Nuevo cuidadosamente inspeccionado para garantizar rendimiento y calidad. Incluye hasta 14 meses de garantía, envío gratis (sujeto a términos y condiciones) con entrega estimada de 2 a 3 días hábiles y asesoría personalizada por WhatsApp. Disponible en Urban Tech Colombia.	in_stock	https://urbantechcol.com/#iphone-17-pro-cosmic-orange	https://urbantechcol.com/assets/images/products/iphone-17-pro/cosmic-orange.webp	https://urbantechcol.com/assets/images/products/iphone-17-pro/cosmic-orange-2.webp,https://urbantechcol.com/assets/images/products/iphone-17-pro/cosmic-orange-3.webp,https://urbantechcol.com/assets/images/products/iphone-17-pro/cosmic-orange-4.webp	4100000 COP	Apple	new	Cosmic Orange	no	iphone-17-pro-256-gb	Celulares > Apple > iPhone > Pro	Electronics > Communications > Telephony > Mobile Phones	Nuevo	256GB
IPHONE-17-PRO-256-GB-DEEPBLUE-NEW	Apple iPhone 17 Pro 256 GB Nuevo Deep Blue	Descubre el Apple iPhone 17 Pro de 256 GB en color Deep Blue. Equipo Nuevo cuidadosamente inspeccionado para garantizar rendimiento y calidad. Incluye hasta 14 meses de garantía, envío gratis (sujeto a términos y condiciones) con entrega estimada de 2 a 3 días hábiles y asesoría personalizada por WhatsApp. Disponible en Urban Tech Colombia.	in_stock	https://urbantechcol.com/#iphone-17-pro-deep-blue	https://urbantechcol.com/assets/images/products/iphone-17-pro/deep-blue.webp	https://urbantechcol.com/assets/images/products/iphone-17-pro/deep-blue-2.webp,https://urbantechcol.com/assets/images/products/iphone-17-pro/deep-blue-3.webp,https://urbantechcol.com/assets/images/products/iphone-17-pro/deep-blue-4.webp	4190000 COP	Apple	new	Deep Blue	no	iphone-17-pro-256-gb	Celulares > Apple > iPhone > Pro	Electronics > Communications > Telephony > Mobile Phones	Nuevo	256GB
IPHONE-17-PRO-256-GB-SILVER-NEW	Apple iPhone 17 Pro 256 GB Nuevo Silver	Descubre el Apple iPhone 17 Pro de 256 GB en color Silver. Equipo Nuevo cuidadosamente inspeccionado para garantizar rendimiento y calidad. Incluye hasta 14 meses de garantía, envío gratis (sujeto a términos y condiciones) con entrega estimada de 2 a 3 días hábiles y asesoría personalizada por WhatsApp. Disponible en Urban Tech Colombia.	in_stock	https://urbantechcol.com/#iphone-17-pro-silver	https://urbantechcol.com/assets/images/products/iphone-17-pro/silver.webp	https://urbantechcol.com/assets/images/products/iphone-17-pro/silver-2.webp,https://urbantechcol.com/assets/images/products/iphone-17-pro/silver-3.webp,https://urbantechcol.com/assets/images/products/iphone-17-pro/silver-4.webp	4200000 COP	Apple	new	Silver	no	iphone-17-pro-256-gb	Celulares > Apple > iPhone > Pro	Electronics > Communications > Telephony > Mobile Phones	Nuevo	256GB
IPHONE-17-256-GB-BLACK-NEW	Apple iPhone 17 256 GB Nuevo Black	Descubre el Apple iPhone 17 de 256 GB en color Black. Equipo Nuevo cuidadosamente inspeccionado para garantizar rendimiento y calidad. Incluye hasta 14 meses de garantía, envío gratis (sujeto a términos y condiciones) con entrega estimada de 2 a 3 días hábiles y asesoría personalizada por WhatsApp. Disponible en Urban Tech Colombia.	in_stock	https://urbantechcol.com/#iphone-17-black	https://urbantechcol.com/assets/images/products/iphone-17/black.webp	https://urbantechcol.com/assets/images/products/iphone-17/black-2.webp,https://urbantechcol.com/assets/images/products/iphone-17/black-3.webp,https://urbantechcol.com/assets/images/products/iphone-17/black-4.webp	3300000 COP	Apple	new	Black	no	iphone-17-256-gb	Celulares > Apple > iPhone	Electronics > Communications > Telephony > Mobile Phones	Nuevo	256GB
IPHONE-17-256-GB-WHITE-NEW	Apple iPhone 17 256 GB Nuevo White	Descubre el Apple iPhone 17 de 256 GB en color White. Equipo Nuevo cuidadosamente inspeccionado para garantizar rendimiento y calidad. Incluye hasta 14 meses de garantía, envío gratis (sujeto a términos y condiciones) con entrega estimada de 2 a 3 días hábiles y asesoría personalizada por WhatsApp. Disponible en Urban Tech Colombia.	in_stock	https://urbantechcol.com/#iphone-17-white	https://urbantechcol.com/assets/images/products/iphone-17/white.webp	https://urbantechcol.com/assets/images/products/iphone-17/white-2.webp,https://urbantechcol.com/assets/images/products/iphone-17/white-3.webp,https://urbantechcol.com/assets/images/products/iphone-17/white-4.webp	3350000 COP	Apple	new	White	no	iphone-17-256-gb	Celulares > Apple > iPhone	Electronics > Communications > Telephony > Mobile Phones	Nuevo	256GB
IPHONE-17-256-GB-LAVENDER-NEW	Apple iPhone 17 256 GB Nuevo Lavender	Descubre el Apple iPhone 17 de 256 GB en color Lavender. Equipo Nuevo cuidadosamente inspeccionado para garantizar rendimiento y calidad. Incluye hasta 14 meses de garantía, envío gratis (sujeto a términos y condiciones) con entrega estimada de 2 a 3 días hábiles y asesoría personalizada por WhatsApp. Disponible en Urban Tech Colombia.	in_stock	https://urbantechcol.com/#iphone-17-lavender	https://urbantechcol.com/assets/images/products/iphone-17/lavender.webp	https://urbantechcol.com/assets/images/products/iphone-17/lavender-2.webp,https://urbantechcol.com/assets/images/products/iphone-17/lavender-3.webp,https://urbantechcol.com/assets/images/products/iphone-17/lavender-4.webp	3350000 COP	Apple	new	Lavender	no	iphone-17-256-gb	Celulares > Apple > iPhone	Electronics > Communications > Telephony > Mobile Phones	Nuevo	256GB
IPHONE-17-256-GB-SAGE-NEW	Apple iPhone 17 256 GB Nuevo Sage	Descubre el Apple iPhone 17 de 256 GB en color Sage. Equipo Nuevo cuidadosamente inspeccionado para garantizar rendimiento y calidad. Incluye hasta 14 meses de garantía, envío gratis (sujeto a términos y condiciones) con entrega estimada de 2 a 3 días hábiles y asesoría personalizada por WhatsApp. Disponible en Urban Tech Colombia.	in_stock	https://urbantechcol.com/#iphone-17-sage	https://urbantechcol.com/assets/images/products/iphone-17/sage.webp	https://urbantechcol.com/assets/images/products/iphone-17/sage-2.webp,https://urbantechcol.com/assets/images/products/iphone-17/sage-3.webp,https://urbantechcol.com/assets/images/products/iphone-17/sage-4.webp	3300000 COP	Apple	new	Sage	no	iphone-17-256-gb	Celulares > Apple > iPhone	Electronics > Communications > Telephony > Mobile Phones	Nuevo	256GB
IPHONE-17-256-GB-MYSTICBLUE-NEW	Apple iPhone 17 256 GB Nuevo Mystic Blue	Descubre el Apple iPhone 17 de 256 GB en color Mystic Blue. Equipo Nuevo cuidadosamente inspeccionado para garantizar rendimiento y calidad. Incluye hasta 14 meses de garantía, envío gratis (sujeto a términos y condiciones) con entrega estimada de 2 a 3 días hábiles y asesoría personalizada por WhatsApp. Disponible en Urban Tech Colombia.	in_stock	https://urbantechcol.com/#iphone-17-mystic-blue	https://urbantechcol.com/assets/images/products/iphone-17/mystic-blue.webp	https://urbantechcol.com/assets/images/products/iphone-17/mystic-blue-2.webp,https://urbantechcol.com/assets/images/products/iphone-17/mystic-blue-3.webp,https://urbantechcol.com/assets/images/products/iphone-17/mystic-blue-4.webp	3300000 COP	Apple	new	Mystic Blue	no	iphone-17-256-gb	Celulares > Apple > iPhone	Electronics > Communications > Telephony > Mobile Phones	Nuevo	256GB
IPHONE-16-PRO-MAX-256-GB-BLACKTITANIUM-REFURB	Apple iPhone 16 Pro Max 256 GB Exhibición Black Titanium	Descubre el Apple iPhone 16 Pro Max de 256 GB en color Black Titanium. Equipo Exhibición cuidadosamente inspeccionado para garantizar rendimiento y calidad. Incluye hasta 14 meses de garantía, envío gratis (sujeto a términos y condiciones) con entrega estimada de 2 a 3 días hábiles y asesoría personalizada por WhatsApp. Disponible en Urban Tech Colombia.	in_stock	https://urbantechcol.com/#iphone-16-pro-max-black-titanium	https://urbantechcol.com/assets/images/products/iphone-16-pro/black.webp	https://urbantechcol.com/assets/images/products/iphone-16-pro/black-2.webp,https://urbantechcol.com/assets/images/products/iphone-16-pro/black-3.webp,https://urbantechcol.com/assets/images/products/iphone-16-pro/black-4.webp	3350000 COP	Apple	refurbished	Black Titanium	no	iphone-16-pro-max-256-gb	Celulares > Apple > iPhone > Pro Max	Electronics > Communications > Telephony > Mobile Phones	Exhibición	256GB
IPHONE-16-PRO-MAX-256-GB-WHITETITANIUM-REFURB	Apple iPhone 16 Pro Max 256 GB Exhibición White Titanium	Descubre el Apple iPhone 16 Pro Max de 256 GB en color White Titanium. Equipo Exhibición cuidadosamente inspeccionado para garantizar rendimiento y calidad. Incluye hasta 14 meses de garantía, envío gratis (sujeto a términos y condiciones) con entrega estimada de 2 a 3 días hábiles y asesoría personalizada por WhatsApp. Disponible en Urban Tech Colombia.	in_stock	https://urbantechcol.com/#iphone-16-pro-max-white-titanium	https://urbantechcol.com/assets/images/products/iphone-16-pro/white.webp	https://urbantechcol.com/assets/images/products/iphone-16-pro/white-2.webp,https://urbantechcol.com/assets/images/products/iphone-16-pro/white-3.webp,https://urbantechcol.com/assets/images/products/iphone-16-pro/white-4.webp	3350000 COP	Apple	refurbished	White Titanium	no	iphone-16-pro-max-256-gb	Celulares > Apple > iPhone > Pro Max	Electronics > Communications > Telephony > Mobile Phones	Exhibición	256GB
IPHONE-16-PRO-MAX-256-GB-NATURALTITANIUM-REFURB	Apple iPhone 16 Pro Max 256 GB Exhibición Natural Titanium	Descubre el Apple iPhone 16 Pro Max de 256 GB en color Natural Titanium. Equipo Exhibición cuidadosamente inspeccionado para garantizar rendimiento y calidad. Incluye hasta 14 meses de garantía, envío gratis (sujeto a términos y condiciones) con entrega estimada de 2 a 3 días hábiles y asesoría personalizada por WhatsApp. Disponible en Urban Tech Colombia.	in_stock	https://urbantechcol.com/#iphone-16-pro-max-natural-titanium	https://urbantechcol.com/assets/images/products/iphone-16-pro/natural.webp	https://urbantechcol.com/assets/images/products/iphone-16-pro/natural-2.webp,https://urbantechcol.com/assets/images/products/iphone-16-pro/natural-3.webp,https://urbantechcol.com/assets/images/products/iphone-16-pro/natural-4.webp	3350000 COP	Apple	refurbished	Natural Titanium	no	iphone-16-pro-max-256-gb	Celulares > Apple > iPhone > Pro Max	Electronics > Communications > Telephony > Mobile Phones	Exhibición	256GB
IPHONE-16-PRO-MAX-256-GB-DESERTTITANIUM-REFURB	Apple iPhone 16 Pro Max 256 GB Exhibición Desert Titanium	Descubre el Apple iPhone 16 Pro Max de 256 GB en color Desert Titanium. Equipo Exhibición cuidadosamente inspeccionado para garantizar rendimiento y calidad. Incluye hasta 14 meses de garantía, envío gratis (sujeto a términos y condiciones) con entrega estimada de 2 a 3 días hábiles y asesoría personalizada por WhatsApp. Disponible en Urban Tech Colombia.	in_stock	https://urbantechcol.com/#iphone-16-pro-max-desert-titanium	https://urbantechcol.com/assets/images/products/iphone-16-pro/desert.webp	https://urbantechcol.com/assets/images/products/iphone-16-pro/desert-2.webp,https://urbantechcol.com/assets/images/products/iphone-16-pro/desert-3.webp,https://urbantechcol.com/assets/images/products/iphone-16-pro/desert-4.webp	3350000 COP	Apple	refurbished	Desert Titanium	no	iphone-16-pro-max-256-gb	Celulares > Apple > iPhone > Pro Max	Electronics > Communications > Telephony > Mobile Phones	Exhibición	256GB
IPHONE-16-256-GB-BLACK-REFURB	Apple iPhone 16 256 GB Exhibición Black	Descubre el Apple iPhone 16 de 256 GB en color Black. Equipo Exhibición cuidadosamente inspeccionado para garantizar rendimiento y calidad. Incluye hasta 14 meses de garantía, envío gratis (sujeto a términos y condiciones) con entrega estimada de 2 a 3 días hábiles y asesoría personalizada por WhatsApp. Disponible en Urban Tech Colombia.	in_stock	https://urbantechcol.com/#iphone-16-black-256gb	https://urbantechcol.com/assets/images/products/iphone-16/black.webp	https://urbantechcol.com/assets/images/products/iphone-16/black-2.webp,https://urbantechcol.com/assets/images/products/iphone-16/black-3.webp,https://urbantechcol.com/assets/images/products/iphone-16/black-4.webp	2750000 COP	Apple	refurbished	Black	no	iphone-16-256-gb	Celulares > Apple > iPhone	Electronics > Communications > Telephony > Mobile Phones	Exhibición	256GB
IPHONE-16-128-GB-BLACK-NEW	Apple iPhone 16 128 GB Nuevo Black	Descubre el Apple iPhone 16 de 128 GB en color Black. Equipo Nuevo cuidadosamente inspeccionado para garantizar rendimiento y calidad. Incluye hasta 14 meses de garantía, envío gratis (sujeto a términos y condiciones) con entrega estimada de 2 a 3 días hábiles y asesoría personalizada por WhatsApp. Disponible en Urban Tech Colombia.	in_stock	https://urbantechcol.com/#iphone-16-black-128gb	https://urbantechcol.com/assets/images/products/iphone-16/black.webp	https://urbantechcol.com/assets/images/products/iphone-16/black-2.webp,https://urbantechcol.com/assets/images/products/iphone-16/black-3.webp,https://urbantechcol.com/assets/images/products/iphone-16/black-4.webp	2850000 COP	Apple	new	Black	no	iphone-16-128-gb	Celulares > Apple > iPhone	Electronics > Communications > Telephony > Mobile Phones	Nuevo	128GB
IPHONE-16-256-GB-WHITE-REFURB	Apple iPhone 16 256 GB Exhibición White	Descubre el Apple iPhone 16 de 256 GB en color White. Equipo Exhibición cuidadosamente inspeccionado para garantizar rendimiento y calidad. Incluye hasta 14 meses de garantía, envío gratis (sujeto a términos y condiciones) con entrega estimada de 2 a 3 días hábiles y asesoría personalizada por WhatsApp. Disponible en Urban Tech Colombia.	in_stock	https://urbantechcol.com/#iphone-16-white-256gb	https://urbantechcol.com/assets/images/products/iphone-16/white.webp	https://urbantechcol.com/assets/images/products/iphone-16/white-2.webp,https://urbantechcol.com/assets/images/products/iphone-16/white-3.webp,https://urbantechcol.com/assets/images/products/iphone-16/white-4.webp	2750000 COP	Apple	refurbished	White	no	iphone-16-256-gb	Celulares > Apple > iPhone	Electronics > Communications > Telephony > Mobile Phones	Exhibición	256GB
IPHONE-16-128-GB-WHITE-NEW	Apple iPhone 16 128 GB Nuevo White	Descubre el Apple iPhone 16 de 128 GB en color White. Equipo Nuevo cuidadosamente inspeccionado para garantizar rendimiento y calidad. Incluye hasta 14 meses de garantía, envío gratis (sujeto a términos y condiciones) con entrega estimada de 2 a 3 días hábiles y asesoría personalizada por WhatsApp. Disponible en Urban Tech Colombia.	in_stock	https://urbantechcol.com/#iphone-16-white-128gb	https://urbantechcol.com/assets/images/products/iphone-16/white.webp	https://urbantechcol.com/assets/images/products/iphone-16/white-2.webp,https://urbantechcol.com/assets/images/products/iphone-16/white-3.webp,https://urbantechcol.com/assets/images/products/iphone-16/white-4.webp	2850000 COP	Apple	new	White	no	iphone-16-128-gb	Celulares > Apple > iPhone	Electronics > Communications > Telephony > Mobile Phones	Nuevo	128GB
IPHONE-16-256-GB-PINK-REFURB	Apple iPhone 16 256 GB Exhibición Pink	Descubre el Apple iPhone 16 de 256 GB en color Pink. Equipo Exhibición cuidadosamente inspeccionado para garantizar rendimiento y calidad. Incluye hasta 14 meses de garantía, envío gratis (sujeto a términos y condiciones) con entrega estimada de 2 a 3 días hábiles y asesoría personalizada por WhatsApp. Disponible en Urban Tech Colombia.	in_stock	https://urbantechcol.com/#iphone-16-pink-256gb	https://urbantechcol.com/assets/images/products/iphone-16/pink.webp	https://urbantechcol.com/assets/images/products/iphone-16/pink-2.webp,https://urbantechcol.com/assets/images/products/iphone-16/pink-3.webp,https://urbantechcol.com/assets/images/products/iphone-16/pink-4.webp	2750000 COP	Apple	refurbished	Pink	no	iphone-16-256-gb	Celulares > Apple > iPhone	Electronics > Communications > Telephony > Mobile Phones	Exhibición	256GB
IPHONE-16-128-GB-PINK-NEW	Apple iPhone 16 128 GB Nuevo Pink	Descubre el Apple iPhone 16 de 128 GB en color Pink. Equipo Nuevo cuidadosamente inspeccionado para garantizar rendimiento y calidad. Incluye hasta 14 meses de garantía, envío gratis (sujeto a términos y condiciones) con entrega estimada de 2 a 3 días hábiles y asesoría personalizada por WhatsApp. Disponible en Urban Tech Colombia.	in_stock	https://urbantechcol.com/#iphone-16-pink-128gb	https://urbantechcol.com/assets/images/products/iphone-16/pink.webp	https://urbantechcol.com/assets/images/products/iphone-16/pink-2.webp,https://urbantechcol.com/assets/images/products/iphone-16/pink-3.webp,https://urbantechcol.com/assets/images/products/iphone-16/pink-4.webp	2850000 COP	Apple	new	Pink	no	iphone-16-128-gb	Celulares > Apple > iPhone	Electronics > Communications > Telephony > Mobile Phones	Nuevo	128GB
IPHONE-16-256-GB-TEAL-REFURB	Apple iPhone 16 256 GB Exhibición Teal	Descubre el Apple iPhone 16 de 256 GB en color Teal. Equipo Exhibición cuidadosamente inspeccionado para garantizar rendimiento y calidad. Incluye hasta 14 meses de garantía, envío gratis (sujeto a términos y condiciones) con entrega estimada de 2 a 3 días hábiles y asesoría personalizada por WhatsApp. Disponible en Urban Tech Colombia.	in_stock	https://urbantechcol.com/#iphone-16-teal-256gb	https://urbantechcol.com/assets/images/products/iphone-16/teal.webp	https://urbantechcol.com/assets/images/products/iphone-16/teal-2.webp,https://urbantechcol.com/assets/images/products/iphone-16/teal-3.webp,https://urbantechcol.com/assets/images/products/iphone-16/teal-4.webp	2750000 COP	Apple	refurbished	Teal	no	iphone-16-256-gb	Celulares > Apple > iPhone	Electronics > Communications > Telephony > Mobile Phones	Exhibición	256GB
IPHONE-16-128-GB-TEAL-NEW	Apple iPhone 16 128 GB Nuevo Teal	Descubre el Apple iPhone 16 de 128 GB en color Teal. Equipo Nuevo cuidadosamente inspeccionado para garantizar rendimiento y calidad. Incluye hasta 14 meses de garantía, envío gratis (sujeto a términos y condiciones) con entrega estimada de 2 a 3 días hábiles y asesoría personalizada por WhatsApp. Disponible en Urban Tech Colombia.	in_stock	https://urbantechcol.com/#iphone-16-teal-128gb	https://urbantechcol.com/assets/images/products/iphone-16/teal.webp	https://urbantechcol.com/assets/images/products/iphone-16/teal-2.webp,https://urbantechcol.com/assets/images/products/iphone-16/teal-3.webp,https://urbantechcol.com/assets/images/products/iphone-16/teal-4.webp	2850000 COP	Apple	new	Teal	no	iphone-16-128-gb	Celulares > Apple > iPhone	Electronics > Communications > Telephony > Mobile Phones	Nuevo	128GB
IPHONE-16-256-GB-ULTRAMARINE-REFURB	Apple iPhone 16 256 GB Exhibición Ultramarine	Descubre el Apple iPhone 16 de 256 GB en color Ultramarine. Equipo Exhibición cuidadosamente inspeccionado para garantizar rendimiento y calidad. Incluye hasta 14 meses de garantía, envío gratis (sujeto a términos y condiciones) con entrega estimada de 2 a 3 días hábiles y asesoría personalizada por WhatsApp. Disponible en Urban Tech Colombia.	in_stock	https://urbantechcol.com/#iphone-16-ultramarine-256gb	https://urbantechcol.com/assets/images/products/iphone-16/ultramarine.webp	https://urbantechcol.com/assets/images/products/iphone-16/ultramarine-2.webp,https://urbantechcol.com/assets/images/products/iphone-16/ultramarine-3.webp,https://urbantechcol.com/assets/images/products/iphone-16/ultramarine-4.webp	2750000 COP	Apple	refurbished	Ultramarine	no	iphone-16-256-gb	Celulares > Apple > iPhone	Electronics > Communications > Telephony > Mobile Phones	Exhibición	256GB
IPHONE-16-128-GB-ULTRAMARINE-NEW	Apple iPhone 16 128 GB Nuevo Ultramarine	Descubre el Apple iPhone 16 de 128 GB en color Ultramarine. Equipo Nuevo cuidadosamente inspeccionado para garantizar rendimiento y calidad. Incluye hasta 14 meses de garantía, envío gratis (sujeto a términos y condiciones) con entrega estimada de 2 a 3 días hábiles y asesoría personalizada por WhatsApp. Disponible en Urban Tech Colombia.	in_stock	https://urbantechcol.com/#iphone-16-ultramarine-128gb	https://urbantechcol.com/assets/images/products/iphone-16/ultramarine.webp	https://urbantechcol.com/assets/images/products/iphone-16/ultramarine-2.webp,https://urbantechcol.com/assets/images/products/iphone-16/ultramarine-3.webp,https://urbantechcol.com/assets/images/products/iphone-16/ultramarine-4.webp	2850000 COP	Apple	new	Ultramarine	no	iphone-16-128-gb	Celulares > Apple > iPhone	Electronics > Communications > Telephony > Mobile Phones	Nuevo	128GB
IPHONE-15-128-GB-BLACK-NEW	Apple iPhone 15 128 GB Nuevo Black	Descubre el Apple iPhone 15 de 128 GB en color Black. Equipo Nuevo cuidadosamente inspeccionado para garantizar rendimiento y calidad. Incluye hasta 14 meses de garantía, envío gratis (sujeto a términos y condiciones) con entrega estimada de 2 a 3 días hábiles y asesoría personalizada por WhatsApp. Disponible en Urban Tech Colombia.	in_stock	https://urbantechcol.com/#iphone-15-black	https://urbantechcol.com/assets/images/products/iphone-15/black.webp	https://urbantechcol.com/assets/images/products/iphone-15/black-2.webp,https://urbantechcol.com/assets/images/products/iphone-15/black-3.webp,https://urbantechcol.com/assets/images/products/iphone-15/black-4.webp	2450000 COP	Apple	new	Black	no	iphone-15-128-gb	Celulares > Apple > iPhone	Electronics > Communications > Telephony > Mobile Phones	Nuevo	128GB
IPHONE-15-128-GB-BLUE-NEW	Apple iPhone 15 128 GB Nuevo Blue	Descubre el Apple iPhone 15 de 128 GB en color Blue. Equipo Nuevo cuidadosamente inspeccionado para garantizar rendimiento y calidad. Incluye hasta 14 meses de garantía, envío gratis (sujeto a términos y condiciones) con entrega estimada de 2 a 3 días hábiles y asesoría personalizada por WhatsApp. Disponible en Urban Tech Colombia.	in_stock	https://urbantechcol.com/#iphone-15-blue	https://urbantechcol.com/assets/images/products/iphone-15/blue.webp	https://urbantechcol.com/assets/images/products/iphone-15/blue-2.webp,https://urbantechcol.com/assets/images/products/iphone-15/blue-3.webp,https://urbantechcol.com/assets/images/products/iphone-15/blue-4.webp	2450000 COP	Apple	new	Blue	no	iphone-15-128-gb	Celulares > Apple > iPhone	Electronics > Communications > Telephony > Mobile Phones	Nuevo	128GB
IPHONE-15-128-GB-GREEN-NEW	Apple iPhone 15 128 GB Nuevo Green	Descubre el Apple iPhone 15 de 128 GB en color Green. Equipo Nuevo cuidadosamente inspeccionado para garantizar rendimiento y calidad. Incluye hasta 14 meses de garantía, envío gratis (sujeto a términos y condiciones) con entrega estimada de 2 a 3 días hábiles y asesoría personalizada por WhatsApp. Disponible en Urban Tech Colombia.	out_of_stock	https://urbantechcol.com/#iphone-15-green	https://urbantechcol.com/assets/images/products/iphone-15/green.webp	https://urbantechcol.com/assets/images/products/iphone-15/green-2.webp,https://urbantechcol.com/assets/images/products/iphone-15/green-3.webp,https://urbantechcol.com/assets/images/products/iphone-15/green-4.webp	2450000 COP	Apple	new	Green	no	iphone-15-128-gb	Celulares > Apple > iPhone	Electronics > Communications > Telephony > Mobile Phones	Nuevo	128GB
IPHONE-15-128-GB-YELLOW-NEW	Apple iPhone 15 128 GB Nuevo Yellow	Descubre el Apple iPhone 15 de 128 GB en color Yellow. Equipo Nuevo cuidadosamente inspeccionado para garantizar rendimiento y calidad. Incluye hasta 14 meses de garantía, envío gratis (sujeto a términos y condiciones) con entrega estimada de 2 a 3 días hábiles y asesoría personalizada por WhatsApp. Disponible en Urban Tech Colombia.	out_of_stock	https://urbantechcol.com/#iphone-15-yellow	https://urbantechcol.com/assets/images/products/iphone-15/yellow.webp	https://urbantechcol.com/assets/images/products/iphone-15/yellow-2.webp,https://urbantechcol.com/assets/images/products/iphone-15/yellow-3.webp,https://urbantechcol.com/assets/images/products/iphone-15/yellow-4.webp	2450000 COP	Apple	new	Yellow	no	iphone-15-128-gb	Celulares > Apple > iPhone	Electronics > Communications > Telephony > Mobile Phones	Nuevo	128GB
IPHONE-15-128-GB-PINK-NEW	Apple iPhone 15 128 GB Nuevo Pink	Descubre el Apple iPhone 15 de 128 GB en color Pink. Equipo Nuevo cuidadosamente inspeccionado para garantizar rendimiento y calidad. Incluye hasta 14 meses de garantía, envío gratis (sujeto a términos y condiciones) con entrega estimada de 2 a 3 días hábiles y asesoría personalizada por WhatsApp. Disponible en Urban Tech Colombia.	out_of_stock	https://urbantechcol.com/#iphone-15-pink	https://urbantechcol.com/assets/images/products/iphone-15/pink.webp	https://urbantechcol.com/assets/images/products/iphone-15/pink-2.webp,https://urbantechcol.com/assets/images/products/iphone-15/pink-3.webp,https://urbantechcol.com/assets/images/products/iphone-15/pink-4.webp	2450000 COP	Apple	new	Pink	no	iphone-15-128-gb	Celulares > Apple > iPhone	Electronics > Communications > Telephony > Mobile Phones	Nuevo	128GB
IPHONE-13-128-GB-MIDNIGHT-NEW	Apple iPhone 13 128 GB Nuevo Midnight	Descubre el Apple iPhone 13 de 128 GB en color Midnight. Equipo Nuevo cuidadosamente inspeccionado para garantizar rendimiento y calidad. Incluye hasta 14 meses de garantía, envío gratis (sujeto a términos y condiciones) con entrega estimada de 2 a 3 días hábiles y asesoría personalizada por WhatsApp. Disponible en Urban Tech Colombia.	in_stock	https://urbantechcol.com/#iphone-13-midnight-128gb-nuevo	https://urbantechcol.com/assets/images/products/iphone-13/midnight.webp	https://urbantechcol.com/assets/images/products/iphone-13/midnight-2.webp,https://urbantechcol.com/assets/images/products/iphone-13/midnight-3.webp,https://urbantechcol.com/assets/images/products/iphone-13/midnight-4.webp	2100000 COP	Apple	new	Midnight	no	iphone-13-128-gb	Celulares > Apple > iPhone	Electronics > Communications > Telephony > Mobile Phones	Nuevo	128GB
IPHONE-13-128-GB-MIDNIGHT-REFURB	Apple iPhone 13 128 GB Exhibición Midnight	Descubre el Apple iPhone 13 de 128 GB en color Midnight. Equipo Exhibición cuidadosamente inspeccionado para garantizar rendimiento y calidad. Incluye hasta 14 meses de garantía, envío gratis (sujeto a términos y condiciones) con entrega estimada de 2 a 3 días hábiles y asesoría personalizada por WhatsApp. Disponible en Urban Tech Colombia.	in_stock	https://urbantechcol.com/#iphone-13-midnight-128gb-exhibicion	https://urbantechcol.com/assets/images/products/iphone-13/midnight.webp	https://urbantechcol.com/assets/images/products/iphone-13/midnight-2.webp,https://urbantechcol.com/assets/images/products/iphone-13/midnight-3.webp,https://urbantechcol.com/assets/images/products/iphone-13/midnight-4.webp	1280000 COP	Apple	refurbished	Midnight	no	iphone-13-128-gb	Celulares > Apple > iPhone	Electronics > Communications > Telephony > Mobile Phones	Exhibición	128GB
IPHONE-13-256-GB-BLUE-REFURB	Apple iPhone 13 256 GB Exhibición Blue	Descubre el Apple iPhone 13 de 256 GB en color Blue. Equipo Exhibición cuidadosamente inspeccionado para garantizar rendimiento y calidad. Incluye hasta 14 meses de garantía, envío gratis (sujeto a términos y condiciones) con entrega estimada de 2 a 3 días hábiles y asesoría personalizada por WhatsApp. Disponible en Urban Tech Colombia.	in_stock	https://urbantechcol.com/#iphone-13-blue	https://urbantechcol.com/assets/images/products/iphone-13/blue.webp	https://urbantechcol.com/assets/images/products/iphone-13/blue-2.webp,https://urbantechcol.com/assets/images/products/iphone-13/blue-3.webp,https://urbantechcol.com/assets/images/products/iphone-13/blue-4.webp	1400000 COP	Apple	refurbished	Blue	no	iphone-13-256-gb	Celulares > Apple > iPhone	Electronics > Communications > Telephony > Mobile Phones	Exhibición	256GB
IPHONE-13-128-GB-GREEN-REFURB	Apple iPhone 13 128 GB Exhibición Green	Descubre el Apple iPhone 13 de 128 GB en color Green. Equipo Exhibición cuidadosamente inspeccionado para garantizar rendimiento y calidad. Incluye hasta 14 meses de garantía, envío gratis (sujeto a términos y condiciones) con entrega estimada de 2 a 3 días hábiles y asesoría personalizada por WhatsApp. Disponible en Urban Tech Colombia.	in_stock	https://urbantechcol.com/#iphone-13-green	https://urbantechcol.com/assets/images/products/iphone-13/green.webp	https://urbantechcol.com/assets/images/products/iphone-13/green-2.webp,https://urbantechcol.com/assets/images/products/iphone-13/green-3.webp,https://urbantechcol.com/assets/images/products/iphone-13/green-4.webp	1280000 COP	Apple	refurbished	Green	no	iphone-13-128-gb	Celulares > Apple > iPhone	Electronics > Communications > Telephony > Mobile Phones	Exhibición	128GB
IPHONE-13-128-GB-RED-REFURB	Apple iPhone 13 128 GB Exhibición Red	Descubre el Apple iPhone 13 de 128 GB en color Red. Equipo Exhibición cuidadosamente inspeccionado para garantizar rendimiento y calidad. Incluye hasta 14 meses de garantía, envío gratis (sujeto a términos y condiciones) con entrega estimada de 2 a 3 días hábiles y asesoría personalizada por WhatsApp. Disponible en Urban Tech Colombia.	in_stock	https://urbantechcol.com/#iphone-13-red	https://urbantechcol.com/assets/images/products/iphone-13/red.webp	https://urbantechcol.com/assets/images/products/iphone-13/red-2.webp,https://urbantechcol.com/assets/images/products/iphone-13/red-3.webp,https://urbantechcol.com/assets/images/products/iphone-13/red-4.webp	1280000 COP	Apple	refurbished	Red	no	iphone-13-128-gb	Celulares > Apple > iPhone	Electronics > Communications > Telephony > Mobile Phones	Exhibición	128GB
IPHONE-13-256-GB-PINK-REFURB	Apple iPhone 13 256 GB Exhibición Pink	Descubre el Apple iPhone 13 de 256 GB en color Pink. Equipo Exhibición cuidadosamente inspeccionado para garantizar rendimiento y calidad. Incluye hasta 14 meses de garantía, envío gratis (sujeto a términos y condiciones) con entrega estimada de 2 a 3 días hábiles y asesoría personalizada por WhatsApp. Disponible en Urban Tech Colombia.	in_stock	https://urbantechcol.com/#iphone-13-pink	https://urbantechcol.com/assets/images/products/iphone-13/pink.webp	https://urbantechcol.com/assets/images/products/iphone-13/pink-2.webp,https://urbantechcol.com/assets/images/products/iphone-13/pink-3.webp,https://urbantechcol.com/assets/images/products/iphone-13/pink-4.webp	1400000 COP	Apple	refurbished	Pink	no	iphone-13-256-gb	Celulares > Apple > iPhone	Electronics > Communications > Telephony > Mobile Phones	Exhibición	256GB
ADAPTADOR-USB-C-20W-NEW	Urban Tech Adaptador USB-C 20W	Descubre el Adaptador USB-C 20W original para tu iPhone. Producto nuevo con garantía y envío gratis (sujeto a términos y condiciones). Disponible en Urban Tech Colombia.	in_stock	https://urbantechcol.com/#adaptador-usb-c-20w	https://urbantechcol.com/assets/images/accessories/adapter-20w.webp		120000 COP	Urban Tech	new		no	adaptador-usb-c-20w	Accesorios > Cargadores	Electronics > Communications > Telephony > Mobile Phone Accessories	Nuevo	Accesorios
CABLE-USB-C-A-LIGHTNING-NEW	Urban Tech Cable USB-C a Lightning	Descubre el Cable USB-C a Lightning original para tu iPhone. Producto nuevo con garantía y envío gratis (sujeto a términos y condiciones). Disponible en Urban Tech Colombia.	in_stock	https://urbantechcol.com/#cable-usb-c-a-lightning	https://urbantechcol.com/assets/images/accessories/cable-lightning.webp		80000 COP	Urban Tech	new		no	cable-usb-c-a-lightning	Accesorios > Cables	Electronics > Communications > Telephony > Mobile Phone Accessories	Nuevo	Accesorios
CABLE-USB-C-240W-NEW	Urban Tech Cable USB-C 240W	Descubre el Cable USB-C 240W original para tu iPhone. Producto nuevo con garantía y envío gratis (sujeto a términos y condiciones). Disponible en Urban Tech Colombia.	in_stock	https://urbantechcol.com/#cable-usb-c-240w	https://urbantechcol.com/assets/images/accessories/cable-usb-c.webp		90000 COP	Urban Tech	new		no	cable-usb-c-240w	Accesorios > Cables	Electronics > Communications > Telephony > Mobile Phone Accessories	Nuevo	Accesorios
AIRPODS-4-NEW	Urban Tech AirPods 4	Descubre el AirPods 4 original para tu iPhone. Producto nuevo con garantía y envío gratis (sujeto a términos y condiciones). Disponible en Urban Tech Colombia.	in_stock	https://urbantechcol.com/#airpods-4	https://urbantechcol.com/assets/images/accessories/airpods-4.webp		699000 COP	Urban Tech	new		no	airpods-4	Accesorios > Audio > AirPods	Electronics > Audio > Headphones	Nuevo	Accesorios
PROTECTOR-DE-CMARAS-X2-NEW	Urban Tech Protector de Cámaras x2	Descubre el Protector de Cámaras x2 original para tu iPhone. Producto nuevo con garantía y envío gratis (sujeto a términos y condiciones). Disponible en Urban Tech Colombia.	in_stock	https://urbantechcol.com/#protector-de-camaras-x2	https://urbantechcol.com/assets/images/accessories/camera-protector.webp		25000 COP	Urban Tech	new		no	protector-de-cmaras-x2	Accesorios > Protectores	Electronics > Communications > Telephony > Mobile Phone Accessories	Nuevo	Accesorios
PROTECTOR-DE-CMARAS-X3-NEW	Urban Tech Protector de Cámaras x3	Descubre el Protector de Cámaras x3 original para tu iPhone. Producto nuevo con garantía y envío gratis (sujeto a términos y condiciones). Disponible en Urban Tech Colombia.	in_stock	https://urbantechcol.com/#protector-de-camaras-x3	https://urbantechcol.com/assets/images/accessories/camera-protector.webp		35000 COP	Urban Tech	new		no	protector-de-cmaras-x3	Accesorios > Protectores	Electronics > Communications > Telephony > Mobile Phone Accessories	Nuevo	Accesorios
VIDRIO-BLINDADO-TRANSPARENTE-IPHONE-NEW	Urban Tech Vidrio Blindado Transparente iPhone	Descubre el Vidrio Blindado Transparente iPhone original para tu iPhone. Producto nuevo con garantía y envío gratis (sujeto a términos y condiciones). Disponible en Urban Tech Colombia.	in_stock	https://urbantechcol.com/#vidrio-blindado-transparente-iphone	https://urbantechcol.com/assets/images/accessories/tempered-glass-iphone.webp		20000 COP	Urban Tech	new		no	vidrio-blindado-transparente-iphone	Accesorios > Protectores	Electronics > Communications > Telephony > Mobile Phone Accessories	Nuevo	Accesorios
VIDRIO-BLINDADO-ANTIESPA-IPHONE-NEW	Urban Tech Vidrio Blindado Antiespía iPhone	Descubre el Vidrio Blindado Antiespía iPhone original para tu iPhone. Producto nuevo con garantía y envío gratis (sujeto a términos y condiciones). Disponible en Urban Tech Colombia.	in_stock	https://urbantechcol.com/#vidrio-blindado-antiespia-iphone	https://urbantechcol.com/assets/images/accessories/privacy-glass-iphone.webp		30000 COP	Urban Tech	new		no	vidrio-blindado-antiespa-iphone	Accesorios > Protectores	Electronics > Communications > Telephony > Mobile Phone Accessories	Nuevo	Accesorios
VIDRIO-BLINDADO-TRANSPARENTE-SIN-BORDES-IPHONE-NEW	Urban Tech Vidrio Blindado Transparente Sin Bordes iPhone	Descubre el Vidrio Blindado Transparente Sin Bordes iPhone original para tu iPhone. Producto nuevo con garantía y envío gratis (sujeto a términos y condiciones). Disponible en Urban Tech Colombia.	in_stock	https://urbantechcol.com/#vidrio-blindado-transparente-sin-bordes-iphone	https://urbantechcol.com/assets/images/accessories/tempered-glass-iphone.webp		40000 COP	Urban Tech	new		no	vidrio-blindado-transparente-sin-bordes-iphone	Accesorios > Protectores	Electronics > Communications > Telephony > Mobile Phone Accessories	Nuevo	Accesorios
CASE-SPACE-IPHONE-BLANCO-NEW	Urban Tech Case Space iPhone Blanco	Descubre el Case Space iPhone Blanco original para tu iPhone. Producto nuevo con garantía y envío gratis (sujeto a términos y condiciones). Disponible en Urban Tech Colombia.	in_stock	https://urbantechcol.com/#case-space-iphone-blanco	https://urbantechcol.com/assets/images/accessories/case-space-iphone-white.webp		35000 COP	Urban Tech	new		no	case-space-iphone-blanco	Accesorios > Cases	Electronics > Communications > Telephony > Mobile Phone Accessories	Nuevo	Accesorios
CASE-SPACE-IPHONE-NEGRO-NEW	Urban Tech Case Space iPhone Negro	Descubre el Case Space iPhone Negro original para tu iPhone. Producto nuevo con garantía y envío gratis (sujeto a términos y condiciones). Disponible en Urban Tech Colombia.	in_stock	https://urbantechcol.com/#case-space-iphone-negro	https://urbantechcol.com/assets/images/accessories/case-space-iphone-black.webp		35000 COP	Urban Tech	new		no	case-space-iphone-negro	Accesorios > Cases	Electronics > Communications > Telephony > Mobile Phone Accessories	Nuevo	Accesorios
CASE-SPACE-IPHONE-AZUL-NEW	Urban Tech Case Space iPhone Azul	Descubre el Case Space iPhone Azul original para tu iPhone. Producto nuevo con garantía y envío gratis (sujeto a términos y condiciones). Disponible en Urban Tech Colombia.	in_stock	https://urbantechcol.com/#case-space-iphone-azul	https://urbantechcol.com/assets/images/accessories/case-space-iphone-blue.webp		35000 COP	Urban Tech	new		no	case-space-iphone-azul	Accesorios > Cases	Electronics > Communications > Telephony > Mobile Phone Accessories	Nuevo	Accesorios
